query_id;plan_id;operator;child_plan;l_input_rows;r_input_rows;output_rows;execution_time;peak_mem;dop;query_dop
query_1;0;LocalMerge;1;3886183;0;3886183;;;;64
query_1;1;PartialSort;2;3886183;0;3886183;4940.0;;;64
query_1;2;RemoteSource;6;3886183;0;3886183;698.0;;;64
query_1;3;Aggregate;4;4556392;0;3886183;22280.0;;;64
query_1;4;LocalExchange;5;4556392;0;4556392;6840.0;;;64
query_1;5;RemoteSource;12;4556392;0;4556392;1000.0;;;64
query_1;6;Aggregate;7;11470207;0;4556392;10930.0;;;64
query_1;7;Project;8;11470207;0;11470207;314.0;;;64
query_1;8;InnerJoin;9,10;11470207;25;11470207;460.0;;;64
query_1;9;RemoteSource;16;11470207;0;11470207;2270.0;;;64
query_1;10;LocalExchange;11;25;0;25;59.0;;;64
query_1;11;RemoteSource;;25;0;25;;;;64
query_1;12;InnerJoin;13,14;5735201;148067261;11470207;97200.0;;;64
query_1;13;RemoteSource;20;5735201;0;5735201;1200.0;;;64
query_1;14;LocalExchange;15;148067261;0;148067261;27170.0;;;64
query_1;15;RemoteSource;23;148067261;0;148067261;5130.0;;;64
query_1;16;InnerJoin;17,18;15000000;5735201;5735201;11130.0;;;64
query_1;17;RemoteSource;21;15000000;0;15000000;3330.0;;;64
query_1;18;LocalExchange;19;5735201;0;5735201;882.0;;;64
query_1;19;RemoteSource;22;5735201;0;5735201;157.0;;;64
query_1;20;TableScan;;15000000;0;15000000;13710.0;;;64
query_1;21;ScanFilterProject;;5735201;0;5735201;703.0;;;64
query_1;22;ScanFilterProject;;148067261;0;148067261;48180.0;;;64
query_1;23;TableScan;;25;0;25;13.0;;;64
query_2;0;LocalMerge;1;96163;0;96163;;;;64
query_2;1;PartialSort;2;96163;0;96163;35.0;;;64
query_2;2;RemoteSource;10;96163;0;96163;5.0;;;64
query_2;3;FilterProject;4;2996326;0;96163;188.0;;;64
query_2;4;CrossJoin;5,8;2996326;4;2996326;54.0;;;64
query_2;5;Aggregate;6;3150955;0;2996326;2290.0;;;64
query_2;6;LocalExchange;7;3150955;0;3150955;530.0;;;64
query_2;7;RemoteSource;16;3150955;0;3150955;57.0;;;64
query_2;8;LocalExchange;9;4;0;4;24.0;;;64
query_2;9;RemoteSource;30;4;0;4;8.0;;;64
query_2;10;Aggregate;11;3180720;0;3150955;1470.0;;;64
query_2;11;Project;12;3180720;0;3180720;356.0;;;64
query_2;12;InnerJoin;13,14;80000000;1;3180720;518.0;;;64
query_2;13;RemoteSource;20;80000000;0;80000000;2670.0;;;64
query_2;14;LocalExchange;15;1;0;1;53.0;;;64
query_2;15;RemoteSource;23;1;0;1;;;;64
query_2;16;InnerJoin;17,18;80000000;1000000;80000000;12830.0;;;64
query_2;17;RemoteSource;21;80000000;0;80000000;5750.0;;;64
query_2;18;LocalExchange;19;1000000;0;1000000;147.0;;;64
query_2;19;RemoteSource;22;1000000;0;1000000;21.0;;;64
query_2;20;TableScan;;80000000;0;80000000;13510.0;;;64
query_2;21;TableScan;;1000000;0;1000000;104.0;;;64
query_2;22;ScanFilterProject;;1;0;1;6.0;;;64
query_2;23;EnforceSingleRow;24;1;0;1;;;;64
query_2;24;LocalExchange;25;1;0;1;7.0;;;64
query_2;25;Project;26;1;0;1;3.0;;;64
query_2;26;LocalExchange;27;1;0;1;11.0;;;64
query_2;27;Aggregate;28;768;0;1;;;;64
query_2;28;LocalExchange;29;768;0;768;11.0;;;64
query_2;29;RemoteSource;36;768;0;768;5.0;;;64
query_2;30;Aggregate;31;3180720;0;768;193.0;;;64
query_2;31;Project;32;3180720;0;3180720;242.0;;;64
query_2;32;InnerJoin;33,34;80000000;1;3180720;303.0;;;64
query_2;33;RemoteSource;40;80000000;0;80000000;1180.0;;;64
query_2;34;LocalExchange;35;1;0;1;51.0;;;64
query_2;35;RemoteSource;;1;0;1;;;;64
query_2;36;InnerJoin;37,38;80000000;1000000;80000000;10990.0;;;64
query_2;37;RemoteSource;41;80000000;0;80000000;4570.0;;;64
query_2;38;LocalExchange;39;1000000;0;1000000;214.0;;;64
query_2;39;RemoteSource;42;1000000;0;1000000;18.0;;;64
query_2;40;TableScan;;80000000;0;80000000;11310.0;;;64
query_2;41;TableScan;;1000000;0;1000000;94.0;;;64
query_2;42;ScanFilterProject;;1;0;1;5.0;;;64
query_3;0;LocalMerge;1;2;0;2;;;;64
query_3;1;PartialSort;2;2;0;2;17.0;;;64
query_3;2;RemoteSource;6;2;0;2;7.0;;;64
query_3;3;Aggregate;4;152;0;2;54.0;;;64
query_3;4;LocalExchange;5;152;0;152;100.0;;;64
query_3;5;RemoteSource;12;152;0;152;9.0;;;64
query_3;6;Aggregate;7;3127595;0;152;488.0;;;64
query_3;7;Project;8;3127595;0;3127595;5900.0;;;64
query_3;8;InnerJoin;9,10;150000000;3127595;3127595;12300.0;;;64
query_3;9;RemoteSource;13;150000000;0;150000000;8870.0;;;64
query_3;10;LocalExchange;11;3127595;0;3127595;814.0;;;64
query_3;11;RemoteSource;;3127595;0;3127595;120.0;;;64
query_3;12;TableScan;;150000000;0;150000000;26260.0;;;64
query_3;13;ScanFilterProject;;26078855;0;3127595;4080.0;;;64
query_4;0;LocalMerge;1;45;0;45;;;;64
query_4;1;PartialSort;2;45;0;45;15.0;;;64
query_4;2;RemoteSource;6;45;0;45;4.0;;;64
query_4;3;Aggregate;4;28939;0;45;74.0;;;64
query_4;4;LocalExchange;5;28939;0;28939;153.0;;;64
query_4;5;RemoteSource;15;28939;0;28939;28.0;;;64
query_4;6;Aggregate;7;15000000;0;28939;959.0;;;64
query_4;7;Project;8;15000000;0;15000000;58.0;;;64
query_4;8;Aggregate;9;15000018;0;15000000;18230.0;;;64
query_4;9;LocalExchange;10;15000018;0;15000018;1680.0;;;64
query_4;10;Aggregate;11;153389148;0;15000018;5970.0;;;64
query_4;11;LeftJoin;12,13;15000000;148388963;153389148;105600.0;;;64
query_4;12;RemoteSource;16;15000000;0;15000000;288.0;;;64
query_4;13;LocalExchange;14;148388963;0;148388963;16410.0;;;64
query_4;14;RemoteSource;;148388963;0;148388963;1690.0;;;64
query_4;15;TableScan;;15000000;0;15000000;723.0;;;64
query_4;16;ScanFilterProject;;150000000;0;148388963;18190.0;;;64
query_5;0;Project;1;1;0;1;10.0;;;64
query_5;1;LocalExchange;2;1;0;1;12.0;;;64
query_5;2;Aggregate;3;768;0;1;;;;64
query_5;3;LocalExchange;4;768;0;768;8.0;;;64
query_5;4;RemoteSource;11;768;0;768;5.0;;;64
query_5;5;Aggregate;6;7723068;0;768;294.0;;;64
query_5;6;Project;7;7723068;0;7723068;1500.0;;;64
query_5;7;InnerJoin;8,9;7723068;20000000;7723068;16370.000000000002;;;64
query_5;8;RemoteSource;12;7723068;0;7723068;410.0;;;64
query_5;9;LocalExchange;10;20000000;0;20000000;5670.0;;;64
query_5;10;RemoteSource;;20000000;0;20000000;824.0;;;64
query_5;11;ScanFilterProject;;7723068;0;7723068;2220.0;;;64
query_5;12;TableScan;;20000000;0;20000000;2660.0;;;64
query_6;0;LocalMerge;1;27840;0;27840;;;;64
query_6;1;PartialSort;2;27840;0;27840;34.0;;;64
query_6;2;RemoteSource;6;27840;0;27840;8.0;;;64
query_6;3;Aggregate;4;9090769;0;27840;8950.0;;;64
query_6;4;LocalExchange;5;9090769;0;9090769;3750.0;;;64
query_6;5;RemoteSource;14;9090769;0;9090769;606.0;;;64
query_6;6;Aggregate;7;11859113;0;9090769;21610.0;;;64
query_6;7;Aggregate;8;11861546;0;11859113;9580.0;;;64
query_6;8;LocalExchange;9;11861546;0;11861546;7010.0;;;64
query_6;9;Aggregate;10;11861601;0;11861546;3730.0;;;64
query_6;10;FilterProject;11;11861601;0;11861601;24.0;;;64
query_6;11;SemiJoin;12,13;11867328;485;11861601;493.0;;;64
query_6;12;RemoteSource;18;11867328;0;11867328;1300.0;;;64
query_6;13;RemoteSource;;485;0;485;3.0;;;64
query_6;14;InnerJoin;15,16;80000000;2966832;11867328;9950.0;;;64
query_6;15;RemoteSource;19;80000000;0;80000000;2720.0;;;64
query_6;16;LocalExchange;17;2966832;0;2966832;1180.0;;;64
query_6;17;RemoteSource;20;2966832;0;2966832;195.0;;;64
query_6;18;TableScan;;80000000;0;80000000;7210.0;;;64
query_6;19;ScanFilter;;3068588;0;2966832;615.0;;;64
query_6;20;ScanFilterProject;;1000000;0;485;41.0;;;64
query_7;0;Project;1;1;0;1;10.0;;;64
query_7;1;LocalExchange;2;1;0;1;10.0;;;64
query_7;2;Aggregate;3;768;0;1;;;;64
query_7;3;LocalExchange;4;768;0;768;8.0;;;64
query_7;4;RemoteSource;14;768;0;768;4.0;;;64
query_7;5;Aggregate;6;53364;0;768;326.0;;;64
query_7;6;InnerJoin;7,11;594647;20000000;53364;13240.0;;;64
query_7;7;InnerJoin;8,9;600037902;19828;594647;7990.0;;;64
query_7;8;RemoteSource;15;600037902;0;600037902;8910.0;;;64
query_7;9;LocalExchange;10;19828;0;19828;155.0;;;64
query_7;10;RemoteSource;16;19828;0;19828;4.0;;;64
query_7;11;Aggregate;12;599860578;0;20000000;185400.0;;;64
query_7;12;LocalExchange;13;599860578;0;599860578;118200.0;;;64
query_7;13;RemoteSource;;599860578;0;599860578;12280.0;;;64
query_7;14;TableScan;;600037902;0;600037902;141600.0;;;64
query_7;15;ScanFilterProject;;19828;0;19828;75.0;;;64
query_7;16;Aggregate;17;600037902;0;599860578;155399.99999999994;;;64
query_7;17;TableScan;;600037902;0;600037902;22400.0;;;64
query_8;0;LocalMerge;1;901;0;901;;;;64
query_8;1;PartialSort;2;901;0;901;12.0;;;64
query_8;2;RemoteSource;13;901;0;901;5.0;;;64
query_8;3;Aggregate;4;901;0;901;791.0;;;64
query_8;4;LocalExchange;5;901;0;901;199.0;;;64
query_8;5;Aggregate;6;6307;0;901;154.0;;;64
query_8;6;FilterProject;7;6307;0;6307;37.0;;;64
query_8;7;SemiJoin;8,12;600037902;2500;6307;16300.0;;;64
query_8;8;InnerJoin;9,10;150000000;600037902;600037902;380400.0;;;64
query_8;9;RemoteSource;17;150000000;0;150000000;7370.0;;;64
query_8;10;LocalExchange;11;600037902;0;600037902;72000.0;;;64
query_8;11;RemoteSource;20;600037902;0;600037902;15170.0;;;64
query_8;12;RemoteSource;24;2500;0;2500;27.0;;;64
query_8;13;InnerJoin;14,15;15000000;150000000;150000000;156600.0;;;64
query_8;14;RemoteSource;18;15000000;0;15000000;893.0;;;64
query_8;15;LocalExchange;16;150000000;0;150000000;28910.0;;;64
query_8;16;RemoteSource;19;150000000;0;150000000;9950.0;;;64
query_8;17;TableScan;;15000000;0;15000000;2390.0;;;64
query_8;18;TableScan;;150000000;0;150000000;24590.0;;;64
query_8;19;TableScan;;600037902;0;600037902;64800.00000000002;;;64
query_8;20;FilterProject;21;150000000;0;2500;1760.0;;;64
query_8;21;Aggregate;22;150000658;0;150000000;108600.0;;;64
query_8;22;LocalExchange;23;150000658;0;150000658;18160.0;;;64
query_8;23;RemoteSource;;150000658;0;150000658;2680.0;;;64
query_8;24;Aggregate;25;600037902;0;150000658;96000.0;;;64
query_8;25;TableScan;;600037902;0;600037902;17080.0;;;64
query_9;0;Aggregate;1;768;0;1;;;;64
query_9;1;LocalExchange;2;768;0;768;8.0;;;64
query_9;2;RemoteSource;9;768;0;768;4.0;;;64
query_9;3;Aggregate;4;11254;0;768;224.0;;;64
query_9;4;Project;5;11254;0;11254;280.0;;;64
query_9;5;InnerJoin;6,7;21432090;20000000;11254;22740.0;;;64
query_9;6;RemoteSource;10;21432090;0;21432090;1370.0;;;64
query_9;7;LocalExchange;8;20000000;0;20000000;6730.0;;;64
query_9;8;RemoteSource;;20000000;0;20000000;1480.0;;;64
query_9;9;ScanFilterProject;;21432090;0;21432090;5050.0;;;64
query_9;10;TableScan;;20000000;0;20000000;3390.0;;;64
query_10;0;LocalMerge;1;4;0;4;;;;64
query_10;1;PartialSort;2;4;0;4;13.0;;;64
query_10;2;RemoteSource;6;4;0;4;1.0;;;64
query_10;3;Aggregate;4;2296;0;4;67.0;;;64
query_10;4;LocalExchange;5;2296;0;2296;135.0;;;64
query_10;5;RemoteSource;;2296;0;2296;54.0;;;64
query_10;6;Aggregate;7;595481548;0;2296;33560.0;;;64
query_10;7;ScanFilterProject;;595481548;0;595481548;7040.0;;;64
query_11;0;LocalMerge;1;18019;0;18019;;;;64
query_11;1;PartialSort;2;18019;0;18019;24.0;;;64
query_11;2;RemoteSource;7;18019;0;18019;4.0;;;64
query_11;3;FilterProject;4;18019;0;18019;60.0;;;64
query_11;4;SemiJoin;5,6;40088;591630;18019;277.0;;;64
query_11;5;RemoteSource;11;40088;0;40088;7.0;;;64
query_11;6;RemoteSource;20;591630;0;591630;8.0;;;64
query_11;7;InnerJoin;8,9;1000000;1;40088;113.0;;;64
query_11;8;RemoteSource;12;1000000;0;1000000;81.0;;;64
query_11;9;LocalExchange;10;1;0;1;73.0;;;64
query_11;10;RemoteSource;13;1;0;1;;;;64
query_11;11;TableScan;;1000000;0;1000000;426.0;;;64
query_11;12;ScanFilterProject;;1;0;1;4.0;;;64
query_11;13;InnerJoin;14,18;869396;54543805;591630;49170.0;;;64
query_11;14;FilterProject;15;869396;0;869396;39.0;;;64
query_11;15;SemiJoin;16,17;80000000;217406;869396;1780.0;;;64
query_11;16;RemoteSource;21;80000000;0;80000000;1580.0;;;64
query_11;17;RemoteSource;22;217406;0;217406;5.0;;;64
query_11;18;LocalExchange;19;54543805;0;54543805;4010.0;;;64
query_11;19;RemoteSource;25;54543805;0;54543805;1480.0;;;64
query_11;20;TableScan;;80000000;0;80000000;9130.0;;;64
query_11;21;ScanFilterProject;;20000000;0;217406;1250.0;;;64
query_11;22;Aggregate;23;91007234;0;54543805;58140.0;;;64
query_11;23;LocalExchange;24;91007234;0;91007234;15720.0;;;64
query_11;24;RemoteSource;;91007234;0;91007234;2890.0;;;64
query_11;25;Aggregate;26;91027267;0;91007234;31330.0;;;64
query_11;26;ScanFilterProject;;91027267;0;91027267;1440.0;;;64
query_12;0;LocalMerge;1;39916;0;39916;;;;64
query_12;1;PartialSort;2;39916;0;39916;26.0;;;64
query_12;2;RemoteSource;6;39916;0;39916;6.0;;;64
query_12;3;Aggregate;4;392292;0;39916;654.0;;;64
query_12;4;LocalExchange;5;392292;0;392292;617.0;;;64
query_12;5;RemoteSource;22;392292;0;392292;61.0;;;64
query_12;6;Aggregate;7;394885;0;392292;2280.0;;;64
query_12;7;FilterProject;8;7044589;0;394885;1100.0;;;64
query_12;8;Aggregate;9;18811612;0;7044589;14400.0;;;64
query_12;9;LeftJoin;10,20;7044589;379356474;18811612;253200.0;;;64
query_12;10;AssignUniqueId;11;7044589;0;7044589;122.0;;;64
query_12;11;FilterProject;12;7310450;0;7044589;171.0;;;64
query_12;12;Aggregate;13;7310466;0;7310450;16460.0;;;64
query_12;13;LocalExchange;14;7310466;0;7310466;6500.0;;;64
query_12;14;Aggregate;15;29436632;0;7310466;11570.0;;;64
query_12;15;LeftJoin;16,18;7310450;600037902;29436632;357000.0;;;64
query_12;16;AssignUniqueId;17;7310450;0;7310450;33.0;;;64
query_12;17;RemoteSource;27;7310450;0;7310450;796.0;;;64
query_12;18;LocalExchange;19;600037902;0;600037902;86399.99999999999;;;64
query_12;19;RemoteSource;40;600037902;0;600037902;15180.0;;;64
query_12;20;LocalExchange;21;379356474;0;379356474;53610.0;;;64
query_12;21;RemoteSource;;379356474;0;379356474;10310.0;;;64
query_12;22;Project;23;7310450;0;7310450;2310.0;;;64
query_12;23;InnerJoin;24,25;183169947;1;7310450;647.0;;;64
query_12;24;RemoteSource;31;183169947;0;183169947;10930.0;;;64
query_12;25;LocalExchange;26;1;0;1;57.0;;;64
query_12;26;RemoteSource;39;1;0;1;;;;64
query_12;27;InnerJoin;28,29;379356474;73072502;183169947;104400.0;;;64
query_12;28;RemoteSource;35;379356474;0;379356474;19840.0;;;64
query_12;29;LocalExchange;30;73072502;0;73072502;6290.0;;;64
query_12;30;RemoteSource;38;73072502;0;73072502;2400.0;;;64
query_12;31;InnerJoin;32,33;1000000;379356474;379356474;228000.0;;;64
query_12;32;RemoteSource;36;1000000;0;1000000;65.0;;;64
query_12;33;LocalExchange;34;379356474;0;379356474;82200.0;;;64
query_12;34;RemoteSource;37;379356474;0;379356474;9560.0;;;64
query_12;35;TableScan;;1000000;0;1000000;227.0;;;64
query_12;36;ScanFilter;;600037902;0;379356474;66600.00000000001;;;64
query_12;37;ScanFilterProject;;73072502;0;73072502;3380.0;;;64
query_12;38;ScanFilterProject;;1;0;1;5.0;;;64
query_12;39;ScanProject;;600037902;0;600037902;60600.0;;;64
query_12;40;ScanFilterProject;;600037902;0;379356474;66600.00000000001;;;64
query_13;0;LocalMerge;1;4;0;4;;;;64
query_13;1;PartialSort;2;4;0;4;14.0;;;64
query_13;2;RemoteSource;6;4;0;4;3.0;;;64
query_13;3;Aggregate;4;56;0;4;46.0;;;64
query_13;4;LocalExchange;5;56;0;56;93.0;;;64
query_13;5;RemoteSource;14;56;0;56;5.0;;;64
query_13;6;Aggregate;7;363056;0;56;71.0;;;64
query_13;7;FilterProject;8;1089719;0;363056;290.0;;;64
query_13;8;LeftJoin;9,10;1089719;9999832;1089719;6550.0;;;64
query_13;9;RemoteSource;19;1089719;0;1089719;77.0;;;64
query_13;10;Project;11;9999832;0;9999832;222.0;;;64
query_13;11;Aggregate;12;149911515;0;9999832;14790.0;;;64
query_13;12;LocalExchange;13;149911515;0;149911515;12100.0;;;64
query_13;13;RemoteSource;;149911515;0;149911515;1990.0;;;64
query_13;14;FilterProject;15;2397866;0;1089719;329.0;;;64
query_13;15;CrossJoin;16,17;2397866;4;2397866;89.0;;;64
query_13;16;ScanFilter;;15000000;0;2397866;1030.0;;;64
query_13;17;LocalExchange;18;4;0;4;12.0;;;64
query_13;18;RemoteSource;23;4;0;4;;;;64
query_13;19;EnforceSingleRow;20;1;0;1;;;;64
query_13;20;Aggregate;21;768;0;1;;;;64
query_13;21;LocalExchange;22;768;0;768;5.0;;;64
query_13;22;RemoteSource;25;768;0;768;3.0;;;64
query_13;23;Aggregate;24;2180263;0;768;138.0;;;64
query_13;24;ScanFilterProject;;13636094;0;2180263;1010.0;;;64
query_13;25;Aggregate;26;150000000;0;149911515;13480.0;;;64
query_13;26;TableScan;;150000000;0;150000000;2260.0;;;64
query_14;0;LocalMerge;1;47317;0;47317;;;;64
query_14;1;PartialSort;2;47317;0;47317;95.0;;;64
query_14;2;RemoteSource;9;47317;0;47317;20.0;;;64
query_14;3;InnerJoin;4,5;64058;11795329;47317;6530.0;;;64
query_14;4;RemoteSource;13;64058;0;64058;20.0;;;64
query_14;5;LocalExchange;6;11795329;0;11795329;7970.0;;;64
query_14;6;Aggregate;7;15917827;0;11795329;7560.0;;;64
query_14;7;LocalExchange;8;15917827;0;15917827;1920.0;;;64
query_14;8;RemoteSource;35;15917827;0;15917827;261.0;;;64
query_14;9;InnerJoin;10,11;320360;1;64058;144.0;;;64
query_14;10;RemoteSource;17;320360;0;320360;75.0;;;64
query_14;11;LocalExchange;12;1;0;1;56.0;;;64
query_14;12;RemoteSource;30;1;0;1;;;;64
query_14;13;InnerJoin;14,15;320360;25;320360;316.0;;;64
query_14;14;RemoteSource;21;320360;0;320360;74.0;;;64
query_14;15;LocalExchange;16;25;0;25;58.0;;;64
query_14;16;RemoteSource;29;25;0;25;;;;64
query_14;17;InnerJoin;18,19;320360;1000000;320360;1510.0;;;64
query_14;18;RemoteSource;25;320360;0;320360;21.0;;;64
query_14;19;LocalExchange;20;1000000;0;1000000;1590.0;;;64
query_14;20;RemoteSource;28;1000000;0;1000000;188.0;;;64
query_14;21;InnerJoin;22,23;80090;80000000;320360;41280.0;;;64
query_14;22;RemoteSource;26;80090;0;80090;5.0;;;64
query_14;23;LocalExchange;24;80000000;0;80000000;13370.0;;;64
query_14;24;RemoteSource;27;80000000;0;80000000;2970.0;;;64
query_14;25;ScanFilterProject;;399972;0;80090;103.0;;;64
query_14;26;TableScan;;80000000;0;80000000;9930.0;;;64
query_14;27;TableScan;;1000000;0;1000000;953.0;;;64
query_14;28;TableScan;;25;0;25;14.0;;;64
query_14;29;ScanFilterProject;;1;0;1;5.0;;;64
query_14;30;Aggregate;31;15980480;0;15917827;2580.0;;;64
query_14;31;InnerJoin;32,33;80000000;1;15980480;614.0;;;64
query_14;32;RemoteSource;39;80000000;0;80000000;2420.0;;;64
query_14;33;LocalExchange;34;1;0;1;58.0;;;64
query_14;34;RemoteSource;;1;0;1;;;;64
query_14;35;InnerJoin;36,37;80000000;25;80000000;7700.0;;;64
query_14;36;RemoteSource;43;80000000;0;80000000;3100.0;;;64
query_14;37;LocalExchange;38;25;0;25;58.0;;;64
query_14;38;RemoteSource;46;25;0;25;;;;64
query_14;39;InnerJoin;40,41;80000000;1000000;80000000;10120.0;;;64
query_14;40;RemoteSource;44;80000000;0;80000000;5110.0;;;64
query_14;41;LocalExchange;42;1000000;0;1000000;251.0;;;64
query_14;42;RemoteSource;45;1000000;0;1000000;16.0;;;64
query_14;43;TableScan;;80000000;0;80000000;9860.0;;;64
query_14;44;TableScan;;1000000;0;1000000;83.0;;;64
query_14;45;TableScan;;25;0;25;9.0;;;64
query_14;46;ScanFilterProject;;1;0;1;5.0;;;64
query_15;0;LocalMerge;1;1133508;0;1133508;;;;64
query_15;1;PartialSort;2;1133508;0;1133508;602.0;;;64
query_15;2;RemoteSource;11;1133508;0;1133508;48.0;;;64
query_15;3;Aggregate;4;1133508;0;1133508;19090.0;;;64
query_15;4;LocalExchange;5;1133508;0;1133508;539.0;;;64
query_15;5;Aggregate;6;2994134;0;1133508;663.0;;;64
query_15;6;Project;7;2994134;0;2994134;69.0;;;64
query_15;7;InnerJoin;8,9;14537485;324243896;2994134;185400.0;;;64
query_15;8;RemoteSource;15;14537485;0;14537485;405.0;;;64
query_15;9;LocalExchange;10;324243896;0;324243896;58900.0;;;64
query_15;10;RemoteSource;;324243896;0;324243896;9690.0;;;64
query_15;11;InnerJoin;12,13;2997783;72687241;14537485;50150.0;;;64
query_15;12;RemoteSource;16;2997783;0;2997783;70.0;;;64
query_15;13;LocalExchange;14;72687241;0;72687241;16329.999999999998;;;64
query_15;14;RemoteSource;17;72687241;0;72687241;3810.0;;;64
query_15;15;ScanFilterProject;;2997783;0;2997783;191.0;;;64
query_15;16;ScanFilter;;72687241;0;72687241;10440.0;;;64
query_15;17;ScanFilterProject;;324243896;0;324243896;66000.0;;;64
query_16;0;LocalMerge;1;5;0;5;;;;64
query_16;1;PartialSort;2;5;0;5;17.0;;;64
query_16;2;RemoteSource;6;5;0;5;4.0;;;64
query_16;3;Aggregate;4;80;0;5;54.0;;;64
query_16;4;LocalExchange;5;80;0;80;114.0;;;64
query_16;5;RemoteSource;12;80;0;80;9.0;;;64
query_16;6;Aggregate;7;5146635;0;80;294.0;;;64
query_16;7;InnerJoin;8,9;5612560;137548511;5146635;89400.0;;;64
query_16;8;RemoteSource;13;5612560;0;5612560;332.0;;;64
query_16;9;Aggregate;10;137549005;0;137548511;76200.0;;;64
query_16;10;LocalExchange;11;137549005;0;137549005;10850.0;;;64
query_16;11;RemoteSource;;137549005;0;137549005;2430.0;;;64
query_16;12;ScanFilterProject;;5612560;0;5612560;984.0;;;64
query_16;13;Aggregate;14;379356474;0;137549005;78600.00000000001;;;64
query_16;14;ScanFilterProject;;600037902;0;379356474;2330.0;;;64
query_17;0;LocalMerge;1;5;0;5;;;;64
query_17;1;PartialSort;2;5;0;5;10.0;;;64
query_17;2;RemoteSource;6;5;0;5;1.0;;;64
query_17;3;Aggregate;4;36;0;5;29.0;;;64
query_17;4;LocalExchange;5;36;0;36;69.0;;;64
query_17;5;RemoteSource;12;36;0;36;2.0;;;64
query_17;6;Aggregate;7;728082;0;36;117.0;;;64
query_17;7;Project;8;728082;0;728082;43.0;;;64
query_17;8;InnerJoin;9,10;3640371;1;728082;104.0;;;64
query_17;9;RemoteSource;16;3640371;0;3640371;153.0;;;64
query_17;10;LocalExchange;11;1;0;1;53.0;;;64
query_17;11;RemoteSource;;1;0;1;;;;64
query_17;12;InnerJoin;13,14;3640371;25;3640371;736.0;;;64
query_17;13;RemoteSource;20;3640371;0;3640371;74.0;;;64
query_17;14;LocalExchange;15;25;0;25;53.0;;;64
query_17;15;RemoteSource;33;25;0;25;;;;64
query_17;16;InnerJoin;17,18;91044214;1000000;3640371;4090.0;;;64
query_17;17;RemoteSource;24;91044214;0;91044214;1690.0;;;64
query_17;18;LocalExchange;19;1000000;0;1000000;215.0;;;64
query_17;19;RemoteSource;32;1000000;0;1000000;22.0;;;64
query_17;20;InnerJoin;21,22;22760819;600037902;91044214;353400.0;;;64
query_17;21;RemoteSource;28;22760819;0;22760819;598.0;;;64
query_17;22;LocalExchange;23;600037902;0;600037902;144000.0;;;64
query_17;23;RemoteSource;31;600037902;0;600037902;13190.0;;;64
query_17;24;InnerJoin;25,26;15000000;22760819;22760819;18410.0;;;64
query_17;25;RemoteSource;29;15000000;0;15000000;499.0;;;64
query_17;26;LocalExchange;27;22760819;0;22760819;2660.0;;;64
query_17;27;RemoteSource;30;22760819;0;22760819;523.0;;;64
query_17;28;TableScan;;15000000;0;15000000;1050.0;;;64
query_17;29;ScanFilterProject;;22760819;0;22760819;1740.0;;;64
query_17;30;TableScan;;600037902;0;600037902;141600.0;;;64
query_17;31;TableScan;;1000000;0;1000000;111.0;;;64
query_17;32;TableScan;;25;0;25;13.0;;;64
query_17;33;ScanFilterProject;;1;0;1;4.0;;;64
query_18;0;Aggregate;1;768;0;1;1.0;;;64
query_18;1;LocalExchange;2;768;0;768;13.0;;;64
query_18;2;RemoteSource;;768;0;768;7.0;;;64
query_18;3;Aggregate;4;11916623;0;768;488.0;;;64
query_18;4;ScanFilterProject;;11916623;0;11916623;1670.0;;;64
query_19;0;LocalMerge;1;4;0;4;;;;64
query_19;1;PartialSort;2;4;0;4;11.0;;;64
query_19;2;RemoteSource;6;4;0;4;1.0;;;64
query_19;3;Aggregate;4;24;0;4;39.0;;;64
query_19;4;LocalExchange;5;24;0;24;73.0;;;64
query_19;5;RemoteSource;12;24;0;24;3.0;;;64
query_19;6;Aggregate;7;583840;0;24;146.0;;;64
query_19;7;Project;8;583840;0;583840;117.0;;;64
query_19;8;InnerJoin;9,10;14593861;2;583840;302.0;;;64
query_19;9;RemoteSource;16;14593861;0;14593861;659.0;;;64
query_19;10;LocalExchange;11;2;0;2;61.0;;;64
query_19;11;RemoteSource;;2;0;2;;;;64
query_19;12;InnerJoin;13,14;182301190;2;14593861;3610.0;;;64
query_19;13;RemoteSource;20;182301190;0;182301190;3840.0;;;64
query_19;14;LocalExchange;15;2;0;2;60.0;;;64
query_19;15;RemoteSource;33;2;0;2;;;;64
query_19;16;InnerJoin;17,18;182301190;15000000;182301190;40460.0;;;64
query_19;17;RemoteSource;24;182301190;0;182301190;3990.0;;;64
query_19;18;LocalExchange;19;15000000;0;15000000;1740.0;;;64
query_19;19;RemoteSource;32;15000000;0;15000000;760.0;;;64
query_19;20;InnerJoin;21,22;182301190;150000000;182301190;124800.0;;;64
query_19;21;RemoteSource;28;182301190;0;182301190;3960.0;;;64
query_19;22;LocalExchange;23;150000000;0;150000000;19440.0;;;64
query_19;23;RemoteSource;31;150000000;0;150000000;6790.0;;;64
query_19;24;InnerJoin;25,26;1000000;182301190;182301190;101400.0;;;64
query_19;25;RemoteSource;29;1000000;0;1000000;23.0;;;64
query_19;26;LocalExchange;27;182301190;0;182301190;50780.0;;;64
query_19;27;RemoteSource;30;182301190;0;182301190;8370.0;;;64
query_19;28;TableScan;;1000000;0;1000000;85.0;;;64
query_19;29;ScanFilter;;182301190;0;182301190;65400.00000000001;;;64
query_19;30;TableScan;;150000000;0;150000000;14720.0;;;64
query_19;31;TableScan;;15000000;0;15000000;952.0;;;64
query_19;32;ScanFilter;;2;0;2;5.0;;;64
query_19;33;ScanFilter;;2;0;2;4.0;;;64
query_20;0;LocalMerge;1;2;0;2;;;;64
query_20;1;PartialSort;2;2;0;2;9.0;;;64
query_20;2;RemoteSource;7;2;0;2;;;;64
query_20;3;Project;4;2;0;2;23.0;;;64
query_20;4;Aggregate;5;26;0;2;15.0;;;64
query_20;5;LocalExchange;6;26;0;26;58.0;;;64
query_20;6;RemoteSource;14;26;0;26;;;;64
query_20;7;Aggregate;8;243747;0;26;77.0;;;64
query_20;8;Project;9;243747;0;243747;42.0;;;64
query_20;9;Project;10;243747;0;243747;20.0;;;64
query_20;10;InnerJoin;11,12;1220975;1;243747;79.0;;;64
query_20;11;RemoteSource;18;1220975;0;1220975;55.0;;;64
query_20;12;LocalExchange;13;1;0;1;58.0;;;64
query_20;13;RemoteSource;;1;0;1;;;;64
query_20;14;InnerJoin;15,16;1220975;25;1220975;357.0;;;64
query_20;15;RemoteSource;22;1220975;0;1220975;36.0;;;64
query_20;16;LocalExchange;17;25;0;25;61.0;;;64
query_20;17;RemoteSource;45;25;0;25;;;;64
query_20;18;InnerJoin;19,20;1220975;25;1220975;305.0;;;64
query_20;19;RemoteSource;26;1220975;0;1220975;45.0;;;64
query_20;20;LocalExchange;21;25;0;25;61.0;;;64
query_20;21;RemoteSource;44;25;0;25;;;;64
query_20;22;InnerJoin;23,24;1220975;15000000;1220975;8750.0;;;64
query_20;23;RemoteSource;30;1220975;0;1220975;44.0;;;64
query_20;24;LocalExchange;25;15000000;0;15000000;1750.0;;;64
query_20;25;RemoteSource;43;15000000;0;15000000;384.0;;;64
query_20;26;InnerJoin;27,28;4018350;45574624;1220975;29900.0;;;64
query_20;27;RemoteSource;34;4018350;0;4018350;108.0;;;64
query_20;28;LocalExchange;29;45574624;0;45574624;7360.0;;;64
query_20;29;RemoteSource;42;45574624;0;45574624;1740.0;;;64
query_20;30;InnerJoin;31,32;4018350;1000000;4018350;1140.0;;;64
query_20;31;RemoteSource;38;4018350;0;4018350;118.0;;;64
query_20;32;LocalExchange;33;1000000;0;1000000;270.0;;;64
query_20;33;RemoteSource;41;1000000;0;1000000;30.0;;;64
query_20;34;InnerJoin;35,36;134043;600037902;4018350;483600.0;;;64
query_20;35;RemoteSource;39;134043;0;134043;5.0;;;64
query_20;36;LocalExchange;37;600037902;0;600037902;184800.0;;;64
query_20;37;RemoteSource;40;600037902;0;600037902;17620.0;;;64
query_20;38;ScanFilterProject;;134043;0;134043;60.0;;;64
query_20;39;TableScan;;600037902;0;600037902;180000.0;;;64
query_20;40;TableScan;;1000000;0;1000000;84.0;;;64
query_20;41;ScanFilter;;45574624;0;45574624;4370.0;;;64
query_20;42;TableScan;;15000000;0;15000000;922.0;;;64
query_20;43;TableScan;;25;0;25;7.0;;;64
query_20;44;TableScan;;25;0;25;6.0;;;64
query_20;45;ScanFilterProject;;1;0;1;5.0;;;64
